{"rustc_fingerprint":17240723328877221913,"outputs":{"17598535894874457435":{"success":true,"status":"","code":0,"stdout":"rustc 1.56.1 (59eed8a2a 2021-11-01)\nbinary: rustc\ncommit-hash: 59eed8a2aac0230a8b53e89d4e99d55912ba6b35\ncommit-date: 2021-11-01\nhost: x86_64-apple-darwin\nrelease: 1.56.1\nLLVM version: 13.0.0\n","stderr":""},"15537503139010883884":{"success":true,"status":"","code":0,"stdout":"___\nlib___.rlib\nlib___.dylib\nlib___.dylib\nlib___.a\nlib___.dylib\n","stderr":""},"931469667778813386":{"success":true,"status":"","code":0,"stdout":"___\nlib___.rlib\nlib___.dylib\nlib___.dylib\nlib___.a\nlib___.dylib\n/Users/johanneshahn/.rustup/toolchains/stable-x86_64-apple-darwin\ndebug_assertions\nproc_macro\ntarget_arch=\"x86_64\"\ntarget_endian=\"little\"\ntarget_env=\"\"\ntarget_family=\"unix\"\ntarget_feature=\"fxsr\"\ntarget_feature=\"sse\"\ntarget_feature=\"sse2\"\ntarget_feature=\"sse3\"\ntarget_feature=\"ssse3\"\ntarget_os=\"macos\"\ntarget_pointer_width=\"64\"\ntarget_vendor=\"apple\"\nunix\n","stderr":""},"2797684049618456168":{"success":true,"status":"","code":0,"stdout":"___\nlib___.rlib\nlib___.dylib\nlib___.dylib\nlib___.a\nlib___.dylib\n","stderr":""}},"successes":{}}